{"r2": 0.8503442587371217, "mae": 4.9735600000000035, "mse": 40.335720168000016}